{"cameraMode":{"drawMode":0,"name":"Shaded","section":"Shading Mode"},"sceneLighting":true,"audioPlay":false,"sceneViewState":{"m_AlwaysRefresh":false,"showFog":true,"showSkybox":true,"showFlares":true,"showImageEffects":true,"showParticleSystems":true,"showVisualEffectGraphs":true,"m_FxEnabled":true},"in2DMode":false,"pivot":{"x":16.371498107910158,"y":1.3048897981643677,"z":1.7417900562286378},"rotation":{"x":0.09376644343137741,"y":0.7911565899848938,"z":-0.12550903856754304,"w":0.5912721157073975},"size":6.278132438659668,"orthographic":false}